 -- Consulta para tabla usuario
INSERT INTO workflix.usuario (id, apellido, ciudad, clave, correo, descripcion, direccion, foto, nombre, precio, provincia, telefono, tipo_usuario) VALUES
(1, 'Gonzalez', 'Buenos Aires', '$2a$10$tFFe96nGfgkTtJKUxnh/W.DZ3OjplnYshrTCP.WrvMZpISsvzd7TW', 'gonzalez@mail.com', 'Experto en instalaciones de agua y gas', 'Av. Rivadavia 123', 'perfil.jpg', 'Eduardo', 50, 'Buenos Aires', '11223344', 'profesional'),
(2, 'Lopez', 'Córdoba', '$2a$10$tFFe96nGfgkTtJKUxnh/W.DZ3OjplnYshrTCP.WrvMZpISsvzd7TW', 'lopez@mail.com', 'Electricista con años de experiencia', 'Av. San Martín 456', 'foto.jpg', 'María', 50, 'Córdoba', '22334455', 'profesional'),
(3, 'Martinez', 'Rosario', '$2a$10$tFFe96nGfgkTtJKUxnh/W.DZ3OjplnYshrTCP.WrvMZpISsvzd7TW', 'martinez@mail.com', 'Albañil experto en construcciones', 'Calle Mitre 789', 'avatar.jpg', 'Carlos', 50, 'Santa Fe', '33445566', 'profesional'),
(4, 'Rodriguez', 'La Plata', '$2a$10$tFFe96nGfgkTtJKUxnh/W.DZ3OjplnYshrTCP.WrvMZpISsvzd7TW', 'rodriguez@mail.com', 'Pintor profesional con habilidades únicas', 'Av. Colón 123', 'imagen.jpg', 'Luis', 50,'Buenos Aires', '44556677', 'profesional'),
(5, 'Gomez', 'Mendoza', '$2a$10$tFFe96nGfgkTtJKUxnh/W.DZ3OjplnYshrTCP.WrvMZpISsvzd7TW', 'gomez@mail.com', 'Carpintero con experiencia en muebles a medida', 'Calle San Juan 456', 'foto_perfil.jpg', 'Ana', 50,'Mendoza', '55667788', 'profesional'),
(6, 'Diaz', 'Salta', '$2a$10$tFFe96nGfgkTtJKUxnh/W.DZ3OjplnYshrTCP.WrvMZpISsvzd7TW', 'diaz@mail.com', 'Experto en sistemas de seguridad para hogares', 'Av. Dorrego 789', 'foto.jpg', 'Diego', 50, 'Salta', '66778899', 'profesional'),
(7, 'Sánchez', 'Bahía Blanca', '$2a$10$tFFe96nGfgkTtJKUxnh/W.DZ3OjplnYshrTCP.WrvMZpISsvzd7TW', 'sanchez@mail.com', 'Plomero con años de experiencia en reparaciones', 'Calle Belgrano 123', 'perfil.jpg', 'Lucía', 50, 'Buenos Aires', '77881122', 'profesional'),
(8, 'Torres', 'Mar del Plata', '$2a$10$tFFe96nGfgkTtJKUxnh/W.DZ3OjplnYshrTCP.WrvMZpISsvzd7TW', 'torres@mail.com', 'Electricista especializado en instalaciones industriales', 'Av. Independencia 456', 'avatar.jpg', 'Martín', 60, 'Buenos Aires', '88992233', 'profesional'),
(9, 'Pérez', 'San Juan', '$2a$10$tFFe96nGfgkTtJKUxnh/W.DZ3OjplnYshrTCP.WrvMZpISsvzd7TW', 'perez@mail.com', 'Albañil con habilidades en reformas y construcciones', 'Av. Rivadavia 789', 'foto_perfil.jpg', 'Sofía', 60, 'San Juan', '99001122', 'profesional'),
(10, 'Fernández', 'Salta', '$2a$10$tFFe96nGfgkTtJKUxnh/W.DZ3OjplnYshrTCP.WrvMZpISsvzd7TW', 'fernandez@mail.com', 'Pintor experto en técnicas modernas de pintura', 'Calle Mitre 234', 'imagen.jpg', 'Javier', 60, 'Salta', '00112233', 'profesional'),
(11, 'Giménez', 'Jujuy', '$2a$10$tFFe96nGfgkTtJKUxnh/W.DZ3OjplnYshrTCP.WrvMZpISsvzd7TW', 'gimenez@mail.com', 'Carpintero especializado en muebles de alta calidad', 'Av. Belgrano 789', 'perfil.jpg', 'Andrea', 60,  'Jujuy', '11223344', 'profesional'),
(12, 'Vázquez', 'La Rioja', '$2a$10$tFFe96nGfgkTtJKUxnh/W.DZ3OjplnYshrTCP.WrvMZpISsvzd7TW', 'vazquez@mail.com', 'Experto en sistemas de seguridad para hogares', 'Av. San Martín 789', 'foto.jpg', 'Federico', 60,  'La Rioja', '22334455', 'profesional'),
(13, 'Blanco', 'Corrientes', '$2a$10$tFFe96nGfgkTtJKUxnh/W.DZ3OjplnYshrTCP.WrvMZpISsvzd7TW', 'blanco@mail.com', 'Plomero con habilidades en instalaciones modernas', 'Av. 9 de Julio 123', 'avatar.jpg', 'Ana', 60,  'Corrientes', '33445566', 'profesional'),
(14, 'Romero', 'Misiones', '$2a$10$tFFe96nGfgkTtJKUxnh/W.DZ3OjplnYshrTCP.WrvMZpISsvzd7TW', 'romero@mail.com', 'Electricista con experiencia en mantenimiento industrial', 'Calle Belgrano 456', 'imagen.jpg', 'José', 60,  'Misiones', '44556677', 'profesional'),
(15, 'Suárez', 'Neuquén', '$2a$10$tFFe96nGfgkTtJKUxnh/W.DZ3OjplnYshrTCP.WrvMZpISsvzd7TW', 'suarez@mail.com', 'Albañil experto en construcciones', 'Av. Colón 789', 'foto_perfil.jpg', 'María', 60,  'Neuquén', '55667788', 'profesional'),
(16, 'Molina', 'Formosa', '$2a$10$tFFe96nGfgkTtJKUxnh/W.DZ3OjplnYshrTCP.WrvMZpISsvzd7TW', 'molina@mail.com', 'Pintor con habilidades en restauración de fachadas', 'Av. Libertador 123', 'foto.jpg', 'Carlos', 30,  'Formosa', '66778899', 'profesional'),
(17, 'Ortega', 'San Luis', '$2a$10$tFFe96nGfgkTtJKUxnh/W.DZ3OjplnYshrTCP.WrvMZpISsvzd7TW', 'ortega@mail.com', 'Carpintero con experiencia en diseño de interiores', 'Calle San Martín 456', 'avatar.jpg', 'Laura', 30, 'San Luis', '77889900', 'profesional'),
(18, 'Rojas', 'San Juan', '$2a$10$tFFe96nGfgkTtJKUxnh/W.DZ3OjplnYshrTCP.WrvMZpISsvzd7TW', 'rojas@mail.com', 'Experto en sistemas de seguridad para hogares', 'Av. Rivadavia 789', 'perfil.jpg', 'Juan', 30, 'San Juan', '88990011', 'profesional'),
(19, 'Alonso', 'Santa Fe', '$2a$10$tFFe96nGfgkTtJKUxnh/W.DZ3OjplnYshrTCP.WrvMZpISsvzd7TW', 'alonso@mail.com', 'Plomero con habilidades en instalaciones modernas', 'Calle Belgrano 123', 'imagen.jpg', 'Paula', 30, 'Santa Fe', '99001122', 'profesional'),
(20, 'Gutiérrez', 'Chubut', '$2a$10$tFFe96nGfgkTtJKUxnh/W.DZ3OjplnYshrTCP.WrvMZpISsvzd7TW', 'gutierrez@mail.com', 'Electricista especializado en instalaciones industriales', 'Av. 9 de Julio 456', 'foto_perfil.jpg', 'Luis', 30, 'Chubut', '00112233', 'profesional'),
(21, 'Vidal', 'Entre Ríos', '$2a$10$tFFe96nGfgkTtJKUxnh/W.DZ3OjplnYshrTCP.WrvMZpISsvzd7TW', 'vidal@mail.com', 'Albañil experto en construcciones', 'Av. Dorrego 123', 'perfil.jpg', 'Carla', 30, 'Entre Ríos', '11223344', 'profesional'),
(22, 'Santiago', 'Jujuy', '$2a$10$tFFe96nGfgkTtJKUxnh/W.DZ3OjplnYshrTCP.WrvMZpISsvzd7TW', 'santiago@mail.com', 'Pintor con habilidades en decoración de interiores', 'Calle Mitre 456', 'foto.jpg', 'Gonzalo', 30, 'Jujuy', '22334455', 'profesional'),
(23, 'Iglesias', 'La Rioja', '$2a$10$tFFe96nGfgkTtJKUxnh/W.DZ3OjplnYshrTCP.WrvMZpISsvzd7TW', 'iglesias@mail.com', 'Carpintero con experiencia en muebles a medida', 'Av. San Martín 789', 'avatar.jpg', 'Ana', 30, 'La Rioja', '33445566', 'profesional'),
(24, 'Méndez', 'Misiones', '$2a$10$tFFe96nGfgkTtJKUxnh/W.DZ3OjplnYshrTCP.WrvMZpISsvzd7TW', 'mendez@mail.com', 'Experto en sistemas de seguridad para hogares', 'Av. Rivadavia 123', 'imagen.jpg', 'Javier', 70, 'Misiones', '44556677', 'profesional'),
(25, 'Benítez', 'Neuquén', '$2a$10$tFFe96nGfgkTtJKUxnh/W.DZ3OjplnYshrTCP.WrvMZpISsvzd7TW', 'benitez@mail.com', 'Plomero con habilidades en reparaciones rápidas', 'Calle Belgrano 456', 'foto_perfil.jpg', 'Carolina', 70, 'Neuquén', '55667788', 'profesional'),
(26, 'Molina', 'Formosa', '$2a$10$tFFe96nGfgkTtJKUxnh/W.DZ3OjplnYshrTCP.WrvMZpISsvzd7TW', 'molina@mail.com', 'Electricista especializado en instalaciones industriales', 'Av. Libertador 123', 'foto.jpg', 'Marcelo', 70, 'Formosa', '66778899', 'profesional'),
(27, 'Santos', 'San Luis', '$2a$10$tFFe96nGfgkTtJKUxnh/W.DZ3OjplnYshrTCP.WrvMZpISsvzd7TW', 'santos@mail.com', 'Albañil con habilidades en reformas y construcciones', 'Calle San Martín 456', 'avatar.jpg', 'Laura', 70, 'San Luis', '77889900', 'profesional'),
(28, 'Castillo', 'San Juan', '$2a$10$tFFe96nGfgkTtJKUxnh/W.DZ3OjplnYshrTCP.WrvMZpISsvzd7TW', 'castillo@mail.com', 'Pintor experto en técnicas modernas de pintura', 'Av. Rivadavia 789', 'perfil.jpg', 'Gabriel', 70, 'San Juan', '88990011', 'profesional'),
(29, 'Mora', 'Santa Fe', '$2a$10$tFFe96nGfgkTtJKUxnh/W.DZ3OjplnYshrTCP.WrvMZpISsvzd7TW', 'mora@mail.com', 'Carpintero con habilidades en muebles a medida', 'Calle Belgrano 123', 'imagen.jpg', 'Valentina', 90, 'Santa Fe', '99001122', 'profesional'),
(30, 'Silva', 'Chubut', '$2a$10$tFFe96nGfgkTtJKUxnh/W.DZ3OjplnYshrTCP.WrvMZpISsvzd7TW', 'silva@mail.com', 'Electricista con experiencia en mantenimiento industrial', 'Av. 9 de Julio 456', 'foto_perfil.jpg', 'Martín', 90, 'Chubut', '00112233', 'profesional');

 -- Consulta para tabla servicio
INSERT INTO `workflix`.`servicio` (`nombre`) VALUES
('Carpintero'),
('Electricista'),
('Albañil'),
('Pintor'),
('Plomero'),
('Seguridad'),
('Docente de ingles'),
('Docente de matemáticas'),
('Docente de historia'),
('Docente de lengua'),
('Informatico'),
('Defensa personal'),
('Docente de programación');

 -- Consulta para tabla usuario_servicio
INSERT INTO `workflix`.`usuario_servicio` (`servicio_id`, `usuario_id`) VALUES
(1, 5),
(2, 8),
(3, 3),
(4, 4),
(5, 7),
(6, 6),
(7, 29),
(8, 30),
(9, 9),
(10, 10),
(11, 13),
(12, 11),
(13, 12),
(1, 2),
(2, 15),
(3, 16),
(4, 19),
(5, 18),
(6, 22),
(7, 21),
(8, 20),
(9, 23),
(10, 24),
(11, 25),
(12, 26),
(13, 1),
(1, 14),
(2, 17),
(3, 28),
(4, 27);